{
  "motion_pattern" : "THREE_R_THREE_T",
  "permutation_mask" : [1,2,3,4,5,6],
  "actuator": [
    {
	"active": true,
	"pulley": {
	  "transmission_ratio": 9.587379924285257e-05,
	  "radius": 0.025,
	  "swivel0": -0.223250059653849,
	  "pos_OA_glob": [
        	[2.294],
        	[0.3325],
        	[-1.898]
      	  ],
	  "vers_i_loc": [
        	[1],
        	[0],
        	[0]
      	  ],
	  "vers_j_loc": [
        	[0],
        	[0],
        	[1]
      	  ],
      	  "vers_k_loc": [
        	[0],
        	[-1],
        	[0]
      	  ]
	},
	"winch": {
	  "transmission_ratio": 0.0031415926535898,
	  "l0": 2.115660322601271,
      	  "pos_PD_loc": [
        	[0.302],
        	[-0.134],
        	[0.180]
      	  ],
      "drum_diameter": 0.065,
      "drum_length": 0.080,
      "drum_pitch": 0.003,
      "flag_radius": 0.095,
      "h": 0.0594,
      "q": 0.040,
      "s": 0.057,
      "C": 0.2669048558
	}
    },
    {
	"active": true,
	"pulley": {
	  "transmission_ratio": 9.587379924285257e-05,
	  "radius": 0.025,
	  "swivel0": 0.194908287872301,
	  "pos_OA_glob": [
        	[2.284],
        	[-0.3775],
        	[-1.898]
      	  ],
	  "vers_i_loc": [
        	[-1],
        	[0],
        	[0]
          ],
	  "vers_j_loc": [
        	[0],
        	[0],
        	[1]
          ],
          "vers_k_loc": [
        	[0],
        	[1],
        	[0]
          ]
        },
        "winch": {
	  "transmission_ratio": 0.0031415926535898,
	  "l0": 2.141152928474146,
          "pos_PD_loc": [
        	[0.262],
            	[0.127],
            	[0.138]
      	  ],
      "drum_diameter": 0.065,
      "drum_length": 0.080,
      "drum_pitch": 0.003,
      "flag_radius": 0.095,
      "h": 0.0594,
      "q": 0.040,
      "s": 0.057,
      "C": 0.2669048558
        }
    },
    {
	"active": true,
	"pulley": {
	  "transmission_ratio": 9.587379924285257e-05,
	  "radius": 0.025,
	  "swivel0": 2.946684365717493,
	  "pos_OA_glob": [
        	[-2.284],
        	[-0.3775],
        	[-1.898]
      	  ],
	  "vers_i_loc": [
        	[-1],
        	[0],
        	[0]
      	  ],
	  "vers_j_loc": [
        	[0],
        	[0],
        	[1]
      	  ],
      	  "vers_k_loc": [
        	[0],
        	[1],
        	[0]
      	  ]
	},
        "winch": {
	  "transmission_ratio": 0.0031415926535898,
	  "l0": 2.141152928474146,
      	  "pos_PD_loc": [
          	[-0.262],
          	[0.127],
          	[0.138]
      	  ],
      "drum_diameter": 0.065,
      "drum_length": 0.080,
      "drum_pitch": 0.003,
      "flag_radius": 0.095,
      "h": 0.0594,
      "q": 0.040,
      "s": 0.057,
      "C": 0.2669048558
	  }
    },
    {
	"active": true,
	"pulley": {
	  "transmission_ratio": 9.587379924285257e-05,
	  "radius": 0.025,
	  "swivel0": -2.918342593935944,
	  "pos_OA_glob": [
          	[-2.294],
        	[0.3325],
       		[-1.898]
          ],
	  "vers_i_loc": [
          	[1],
          	[0],
          	[0]
          ],
	  "vers_j_loc": [
          	[0],
          	[0],
          	[1]
          ],
      	  "vers_k_loc": [
          	[0],
          	[-1],
          	[0]
          ]
	},
        "winch": {
	  "transmission_ratio": 0.0031415926535898,
	  "l0": 2.115660322601271,
      	  "pos_PD_loc": [
          	[-0.302],
          	[-0.134],
          	[0.180]
          ],
      "drum_diameter": 0.065,
      "drum_length": 0.080,
      "drum_pitch": 0.003,
      "flag_radius": 0.095,
      "h": 0.0594,
      "q": 0.040,
      "s": 0.057,
      "C": 0.2669048558
	  }
    },
    {
	"active": true,
	"pulley": {
	  "transmission_ratio": 9.587379924285257e-05,
	  "radius": 0.025,
	  "swivel0": -0.212978382006772,
	  "pos_OA_glob": [
          	[2.398],
        	[0.3775],
        	[1.794]
          ],
	  "vers_i_loc": [
        	[-1],
        	[0],
        	[0]
          ],
	  "vers_j_loc": [
        	[0],
        	[1],
        	[0]
          ],
          "vers_k_loc": [
        	[0],
        	[0],
        	[-1]
          ]
	},
        "winch": {
	  "transmission_ratio": 0.0031415926535898,
	  "l0": 4.210326903540036,
      	  "pos_PD_loc": [
        	[0.245],
        	[-0.097],
        	[-0.078]
          ],
      "drum_diameter": 0.065,
      "drum_length": 0.080,
      "drum_pitch": 0.003,
      "flag_radius": 0.095,
      "h": 0.0594,
      "q": 0.040,
      "s": 0.057,
      "C": 0.2669048558
	  }
    },
    {
	"active": true,
	"pulley": {
	  "transmission_ratio": 9.587379924285257e-05,
	  "radius": 0.025,
	  "swivel0": 0.204861384235684,
	  "pos_OA_glob": [
        	[2.398],
        	[-0.3325],
        	[1.784]
         ],
	 "vers_i_loc": [
        	[1],
        	[0],
        	[0]
      	 ],
	 "vers_j_loc": [
        	[0],
        	[-1],
        	[0]
      	 ],
         "vers_k_loc": [
        	[0],
        	[0],
        	[-1]
         ]
       },
       "winch": {
	  "transmission_ratio": 0.0031415926535898,
	  "l0": 4.248019541010209,
      	  "pos_PD_loc": [
        	[0.245],
        	[0.138],
        	[-0.188]
      	  ],
      "drum_diameter": 0.065,
      "drum_length": 0.080,
      "drum_pitch": 0.003,
      "flag_radius": 0.095,
      "h": 0.0594,
      "q": 0.040,
      "s": 0.057,
      "C": 0.2669048558
	  }
    },
    {
	"active": true,
	  "pulley": {
	  "transmission_ratio": 9.587379924285257e-05,
	  "radius": 0.025,
	  "swivel0": 2.936731269354110,
	  "pos_OA_glob": [
        	[-2.398],
        	[-0.3325],
        	[1.784]
         ],
	 "vers_i_loc": [
        	[1],
        	[0],
        	[0]
         ],
	 "vers_j_loc": [
        	[0],
        	[-1],
        	[0]
         ],
         "vers_k_loc": [
        	[0],
        	[0],
        	[-1]
         ]
      },
      "winch": {
	  "transmission_ratio": 0.0031415926535898,
	  "l0": 4.248019541010209,
      	  "pos_PD_loc": [
        	[-0.245],
        	[0.138],
        	[-0.188]
      	  ],
      "drum_diameter": 0.065,
      "drum_length": 0.080,
      "drum_pitch": 0.003,
      "flag_radius": 0.095,
      "h": 0.0594,
      "q": 0.040,
      "s": 0.057,
      "C": 0.2669048558
	  }
    },
    {
	"active": true,
	"pulley": {
	  "transmission_ratio": 0.0031415926535898,
	  "radius": 0.025,
	  "swivel0": -2.928614271583022,
	  "pos_OA_glob": [
        	[-2.398],
        	[0.3775],
        	[1.794]
      	  ],
	  "vers_i_loc": [
        	[-1],
        	[0],
        	[0]
      	  ],
	  "vers_j_loc": [
        	[0],
        	[1],
        	[0]
      	  ],
      	  "vers_k_loc": [
        	[0],
        	[0],
        	[-1]
      	  ]
	},
        "winch": {
	  "transmission_ratio": 0.0031415926535898,
	  "l0": 4.210326903540036,
      	  "pos_PD_loc": [
        	[-0.245],
        	[-0.097],
        	[-0.078]
      	  ],
      "drum_diameter": 0.065,
      "drum_length": 0.080,
      "drum_pitch": 0.003,
      "flag_radius": 0.095,
      "h": 0.0594,
      "q": 0.040,
      "s": 0.057,
      "C": 0.2669048558
	  }
    }
  ],
  "platform": {
    "ext_torque_loc": [
      	[0],
      	[0],
      	[0]
    ],
    "mass": 35,
    "gravity_axis": [
      	[0],
      	[0],
      	[1]
    ],
    "inertia_mat_G_loc": [
      [
        1.5700655,
       -0.0027676,	
       -0.0049144
      ],
      [
       -0.0027676,	
        2.3775340,	
        0.0770743
      ],
      [
       -0.0049144,	
        0.0770743,	
        1.5103901
      ]
    ],
    "pos_PG_loc": [
      [ 0.00],
      [ 0.00],
      [-0.04]
    ],
    "ext_force_loc": [
      [0],
      [0],
      [0]
    ],
"rotation_parametrization": "TAIT_BRYAN"
  }
}